State,District,Latitude,Longitude
Andhra Pradesh,Anantapur,14.6819,77.6006
Andhra Pradesh,Chittoor,13.2157,79.1004
Andhra Pradesh,Cuddapah,14.4664,78.8239
Andhra Pradesh,East Godavari,17.0052,81.7778
Andhra Pradesh,Guntakal Railway,15.1333,77.5833
Andhra Pradesh,Guntur,16.3067,80.4365
Andhra Pradesh,Guntur Urban,16.3067,80.4365
Andhra Pradesh,Krishna,16.6683,80.8393
Andhra Pradesh,Kurnool,15.8281,78.0373
Andhra Pradesh,Nellore,14.4426,79.9865
Andhra Pradesh,Prakasham,15.5,79.5
Andhra Pradesh,Rajahmundry,17.0052,81.7778
Andhra Pradesh,Srikakulam,18.2941,83.8967
Andhra Pradesh,Tirupathi Urban,13.6288,79.4192
Andhra Pradesh,Vijayawada City,16.5062,80.648
Andhra Pradesh,Vijayawada Railway,16.5062,80.648
Andhra Pradesh,Visakha Rural,17.6868,83.2185
Andhra Pradesh,Visakhapatnam,17.6868,83.2185
Andhra Pradesh,Vizianagaram,18.1067,83.3956
Andhra Pradesh,West Godavari,16.947,81.5976
Arunachal Pradesh,Anjaw,28.0654,95.8198
Arunachal Pradesh,Changlang,27.3692,96.3456
Arunachal Pradesh,Crime Branch,27.1,93.6167
Arunachal Pradesh,Dibang Valley,28.7,95.7
Arunachal Pradesh,Kameng East,27.3,92.6667
Arunachal Pradesh,Kameng West,27.0833,92.5
Arunachal Pradesh,Kukung Kumey,27.9167,93.3333
Arunachal Pradesh,Lohit,27.9167,96.1667
Arunachal Pradesh,Longding,26.85,95.1
Arunachal Pradesh,Lower Dibang Valley,28.25,95.75
Arunachal Pradesh,Papum Pare City,27.1,93.6167
Arunachal Pradesh,Papum Pare Rural,27.1,93.6167
Arunachal Pradesh,Siang East,28.5,95.0
Arunachal Pradesh,Siang Upper,28.75,94.9167
Arunachal Pradesh,Siang West,28.5833,94.8333
Arunachal Pradesh,Subansiri Lower,27.5833,93.8333
Arunachal Pradesh,Subansiri Upper,28.25,94.25
Arunachal Pradesh,Tawang,27.5833,91.8667
Arunachal Pradesh,Tirap,27.0167,95.6333
Assam,Barpeta,26.3224,91.0063
Assam,Baska,26.6333,91.4333
Assam,Bongaigaon,26.476,90.558
Assam,Cachar,24.7821,92.7977
Assam,Chirang,26.5167,90.9667
Assam,Darrang,26.5117,92.1167
Assam,Dhemaji,27.4833,94.5833
Assam,Dhubri,26.0172,89.968
Assam,Dibrugarh,27.4728,94.911
Assam,G. R. P.,26.1445,91.7362
Assam,Goalpara,26.1667,90.6167
Assam,Golaghat,26.5117,93.9667
Assam,Guwahati City,26.1445,91.7362
Assam,Hailakandi,24.6833,92.5667
Assam,Jorhat,26.7575,94.203
Assam,Kamrup,26.1405,91.7901
Assam,Karbi Anglong,26.0,93.5
Assam,Karimganj,24.8667,92.35
Assam,Kokrajhar,26.4,90.2667
Assam,Lakhimpur,27.2333,94.1167
Assam,Morigaon,26.25,92.3333
Assam,N. C. Hills,25.1667,93.0
Assam,Nagaon,26.3487,92.6842
Assam,Nalbari,26.45,91.4333
Assam,Sibsagar,26.9843,94.637
Assam,Sonitpur,26.6333,92.8
Assam,Tinsukia,27.4923,95.3573
Assam,Udalguri,26.7667,92.1333
Bihar,Araria,26.1333,87.4667
Bihar,Arwal,25.2333,84.6833
Bihar,Aurangabad,24.75,84.3667
Bihar,Bagaha,27.1333,84.0833
Bihar,Banka,24.8833,86.9167
Bihar,Begusarai,25.417,86.1289
Bihar,Bettiah,26.8,84.5
Bihar,Bhabhua,25.05,83.6167
Bihar,Bhagalpur,25.2445,86.9718
Bihar,Bhojpur,25.55,84.6667
Bihar,Buxar,25.5667,83.9833
Bihar,Darbhanga,26.1522,85.897
Bihar,Gaya,24.7953,85.996
Bihar,Gopalganj,26.4667,84.4333
Bihar,Jamalpur Railway,25.3,86.5
Bihar,Jamui,24.9167,86.2167
Bihar,Jehanabad,25.2167,84.9833
Bihar,Katihar,25.5335,87.5834
Bihar,Katihar Railway,25.5335,87.5834
Bihar,Khagaria,25.5,86.4667
Bihar,Kishanganj,26.1167,87.9333
Bihar,Lakhisarai,25.1667,86.0833
Bihar,Madhepura,25.9167,86.7833
Bihar,Madhubani,26.3667,86.0833
Bihar,Motihari,26.65,84.9167
Bihar,Munger,25.3833,86.4667
Bihar,Muzaffarpur,26.1209,85.3647
Bihar,Muzaffarpur Railway,26.1209,85.3647
Bihar,Nalanda,25.2,85.5167
Bihar,Naugachia,25.3833,87.0833
Bihar,Nawadah,24.8833,85.5333
Bihar,Patna,25.5941,85.1376
Bihar,Patna Railway,25.5941,85.1376
Bihar,Purnea,25.7771,87.4753
Bihar,Rohtas,25.0667,84.0167
Bihar,Saharsa,25.8833,86.6
Bihar,Samastipur,25.862,85.7814
Bihar,Saran,25.9167,84.75
Bihar,Sheikhpura,25.1333,85.8333
Bihar,Sheohar,26.5167,85.2833
Bihar,Sitamarhi,26.6,85.4833
Bihar,Siwan,26.2167,84.3667
Bihar,Supaul,26.1167,86.6
Bihar,Vaishali,25.9833,85.3667
Bihar,Economic Offences Unit,25.5941,85.1376
Bihar,Anti Terrorist Squad,25.5941,85.1376
Chhattisgarh,Balod,20.73,81.205
Chhattisgarh,Balodbazar,21.65,82.16
Chhattisgarh,Balrampur,23.6,83.6167
Chhattisgarh,Bemetra,21.7,81.5333
Chhattisgarh,Bilaspur,22.09,82.15
Chhattisgarh,Bizapur,18.85,80.8167
Chhattisgarh,Dantewara,18.9,81.35
Chhattisgarh,Dhamtari,20.7072,81.5486
Chhattisgarh,Durg,21.19,81.28
Chhattisgarh,Gariyaband,20.63,82.06
Chhattisgarh,G. R. P. Raipur,21.2514,81.6296
Chhattisgarh,Jagdalpur,19.07,82.03
Chhattisgarh,Janjgir,22.01,82.57
Chhattisgarh,Jashpur,22.89,84.14
Chhattisgarh,Kabirdham,22.1,81.2
Chhattisgarh,Kanker,20.27,81.49
Chhattisgarh,Kondagaon,19.59,81.66
Chhattisgarh,Korba,22.35,82.68
Chhattisgarh,Koriya,23.9,82.35
Chhattisgarh,Mahasamund,21.1,82.1
Chhattisgarh,Mungali,21.28,81.68
Chhattisgarh,Narayanpur,19.75,81.22
Chhattisgarh,Raigarh,21.9,83.4
Chhattisgarh,Raipur,21.2514,81.6296
Chhattisgarh,Rajnandgaon,21.1,81.03
Chhattisgarh,Sarguja,23.13,83.2
Chhattisgarh,Sukma,18.4,81.66
Chhattisgarh,Surajpur,23.21,82.87
Goa,North Goa,15.4909,73.8278
Goa,South Goa,15.2993,74.124
Goa,C. I. D.,15.4909,73.8278
Gujarat,Ahmedabad City,23.0225,72.5714
Gujarat,Ahmedabad Rural,23.0225,72.5714
Gujarat,Amreli,21.6,71.2
Gujarat,Anand,22.56,72.95
Gujarat,Arvalli,23.65,73.0
Gujarat,Banaskantha,24.25,72.5
Gujarat,Bharuch,21.7,72.9667
Gujarat,Bhavnagar,21.7645,72.1519
Gujarat,Botad,22.17,71.67
Gujarat,Chhotaudepur,22.3,74.0
Gujarat,C. I. D. Crime,23.0225,72.5714
Gujarat,Dahod,22.83,74.25
Gujarat,Dang,20.75,73.75
Gujarat,Devbhumi Dwarka,22.23,69.65
Gujarat,Gandhinagar,23.2156,72.6369
Gujarat,Gir Somnath,20.91,70.37
Gujarat,Jamnagar,22.4707,70.0577
Gujarat,Junagadh,21.5222,70.4579
Gujarat,Kachchh East(G),23.3,70.8
Gujarat,Kachchh West(B),23.9,70.37
Gujarat,Kheda,22.75,72.6833
Gujarat,Mahisagar,22.82,73.62
Gujarat,Mehsana,23.6,72.4
Gujarat,Morbi,22.82,70.83
Gujarat,Narmada,21.87,73.5
Gujarat,Navsari,20.95,72.93
Gujarat,Panchmahal,22.75,73.62
Gujarat,Patan,23.85,72.12
Gujarat,Porbandar,21.6422,69.6093
Gujarat,Rajkot City,22.3039,70.8022
Gujarat,Rajkot Rural,22.3039,70.8022
Gujarat,Sabarkantha,23.75,73.0
Gujarat,Surat City,21.1702,72.8311
Gujarat,Surat Rural,21.1702,72.8311
Gujarat,Surendranagar,22.7,71.6833
Gujarat,Tapi,21.12,73.4
Gujarat,Vadodara City,22.3072,73.1812
Gujarat,Vadodara Rural,22.3072,73.1812
Gujarat,Valsad,20.61,72.92
Gujarat,W.Rly Ahmedabad,23.0225,72.5714
Gujarat,W.Rly Vadodara,22.3072,73.1812
Haryana,Ambala (Rural),30.3753,76.7821
Haryana,Ambala (Urban),30.3753,76.7821
Haryana,Bhiwani,28.7833,76.1333
Haryana,Faridabad,28.4089,77.3178
Haryana,Fatehabad,29.52,75.45
Haryana,G. R. P.,28.4595,77.0266
Haryana,Gurgaon,28.4595,77.0266
Haryana,Hissar,29.1492,75.7217
Haryana,Jhajjar,28.6,76.65
Haryana,Jind,29.32,76.32
Haryana,Kaithal,29.8,76.4
Haryana,Karnal,29.6909,76.9845
Haryana,Kurukshetra,29.9667,76.85
Haryana,Mahendergarh,28.2833,76.15
Haryana,Mewat,28.1,77.0
Haryana,Palwal,28.15,77.33
Haryana,Panchkula,30.6915,76.8517
Haryana,Panipat,29.3909,76.9635
Haryana,Rewari,28.1833,76.6167
Haryana,Rohtak,28.8955,76.6066
Haryana,Sirsa,29.5333,75.0167
Haryana,Sonipat,28.9931,77.0151
Haryana,Yamunanagar,30.129,77.2674
Haryana,Irrigation & Power,28.4595,77.0266
Himachal Pradesh,Baddi,30.95,76.8
Himachal Pradesh,Bilaspur,31.3333,76.75
Himachal Pradesh,Chamba,32.5667,76.1267
Himachal Pradesh,C. I. D.,31.1048,77.1734
Himachal Pradesh,G. R. P.,31.1048,77.1734
Himachal Pradesh,Hamirpur,31.6833,76.5167
Himachal Pradesh,Kangra,32.1,76.2667
Himachal Pradesh,Kinnaur,31.5833,78.4167
Himachal Pradesh,Kullu,31.9667,77.1
Himachal Pradesh,Lahaul & Spiti,32.5,77.0
Himachal Pradesh,Mandi,31.7167,76.9167
Himachal Pradesh,Shimla,31.1048,77.1734
Himachal Pradesh,Sirmaur,30.5667,77.4333
Himachal Pradesh,Solan,30.9167,77.1
Himachal Pradesh,Una,31.4833,76.2833
Jammu & Kashmir,Anantnag,33.7311,75.1419
Jammu & Kashmir,Awantipora,33.92,74.93
Jammu & Kashmir,Bandipora,34.4167,74.65
Jammu & Kashmir,Baramulla,34.1985,74.3639
Jammu & Kashmir,Budgam,33.7167,74.7667
Jammu & Kashmir,Crime Jammu,32.7266,74.857
Jammu & Kashmir,Crime Srinagar,34.0836,74.7973
Jammu & Kashmir,Doda,33.15,75.55
Jammu & Kashmir,Ganderbal,34.2333,74.7833
Jammu & Kashmir,Handwara,34.4,74.28
Jammu & Kashmir,Jammu,32.7266,74.857
Jammu & Kashmir,Kargil,34.5577,76.1262
Jammu & Kashmir,Kathua,32.37,75.52
Jammu & Kashmir,Kishtwar,33.32,75.77
Jammu & Kashmir,Kulgam,33.64,75.02
Jammu & Kashmir,Kupwara,34.53,74.27
Jammu & Kashmir,Leh,34.1526,77.577
Jammu & Kashmir,Poonch,33.77,74.1
Jammu & Kashmir,Pulwama,33.8711,74.8995
Jammu & Kashmir,Railways Jammu,32.7266,74.857
Jammu & Kashmir,Railways Kashmir,34.0836,74.7973
Jammu & Kashmir,Railways Katra,32.9833,74.95
Jammu & Kashmir,Rajouri,33.38,74.3
Jammu & Kashmir,Ramban,33.25,75.25
Jammu & Kashmir,Reasi,33.08,74.83
Jammu & Kashmir,Samba,32.57,75.12
Jammu & Kashmir,Shopian,33.72,74.83
Jammu & Kashmir,Sopore,34.3,74.47
Jammu & Kashmir,Srinagar,34.0836,74.7973
Jammu & Kashmir,Udhampur,32.93,75.13
Jharkhand,Bokaro,23.7833,85.9667
Jharkhand,Chaibasa,22.55,85.8
Jharkhand,Chatra,24.2,85.2833
Jharkhand,Deoghar,24.4833,86.7
Jharkhand,Dhanbad,23.7957,86.4304
Jharkhand,Dhanbad Railway,23.7957,86.4304
Jharkhand,Dumka,24.2667,87.25
Jharkhand,Garhwa,24.18,83.82
Jharkhand,Giridih,24.1833,86.3
Jharkhand,Godda,24.83,87.2
Jharkhand,Gumla,23.05,84.55
Jharkhand,Hazaribagh,23.9833,85.35
Jharkhand,Jamshedpur,22.8046,86.2029
Jharkhand,Jamshedpur Railway,22.8046,86.2029
Jharkhand,Jamtara,23.95,86.8
Jharkhand,Khunti,23.07,85.28
Jharkhand,Koderma,24.47,85.6
Jharkhand,Latehar,23.75,84.5
Jharkhand,Lohardagga,23.43,84.68
Jharkhand,Pakur,24.63,87.85
Jharkhand,Palamu,23.95,84.07
Jharkhand,Ramgarh,23.63,85.52
Jharkhand,Ranchi,23.3441,85.3096
Jharkhand,Sahebganj,25.25,87.65
Jharkhand,Saraikela,22.72,85.95
Jharkhand,Simdega,22.62,84.52
Karnataka,Bagalkot,16.18,75.7
Karnataka,Bengaluru City,12.9716,77.5946
Karnataka,Bengaluru District,12.9716,77.5946
Karnataka,Belagavi District,15.8497,74.4977
Karnataka,Ballari,15.15,76.9333
Karnataka,Bidar,17.91,77.52
Karnataka,Vijayapura,16.83,75.71
Karnataka,Chikkaballapura,13.43,77.73
Karnataka,Chamarajnagar,11.92,76.95
Karnataka,Chikkamagaluru,13.32,75.77
Karnataka,Chitradurga,14.23,76.4
Karnataka,Dakshina Kannada,12.87,75.37
Karnataka,Davanagere,14.4664,75.9239
Karnataka,Dharwad,15.46,75.01
Karnataka,Gadag,15.43,75.63
Karnataka,Kalaburgi,17.3297,76.8343
Karnataka,Hassan,13.0,76.1
Karnataka,Haveri,14.8,75.4
Karnataka,Hubballi Dharwad City,15.3647,75.124
Karnataka,K.G.F.,12.95,78.27
Karnataka,Kodagu,12.42,75.74
Karnataka,Kolar,13.13,78.13
Karnataka,Koppal,15.35,76.15
Karnataka,Mandya,12.52,76.9
Karnataka,Mangaluru City,12.9141,74.856
Karnataka,Mysuru City,12.2958,76.6394
Karnataka,Mysuru District,12.2958,76.6394
Karnataka,Raichur,16.2,77.37
Karnataka,K.Railways,12.9716,77.5946
Karnataka,Ramanagar,12.71,77.28
Karnataka,Shimoga,13.93,75.57
Karnataka,Tumakuru,13.34,77.1
Karnataka,Udupi,13.34,74.75
Karnataka,Uttara Kannada,14.68,74.49
Karnataka,Yadgiri,16.77,77.13
Karnataka,Belagavi City,15.8497,74.4977
Kerala,Alapuzha,9.4981,76.3388
Kerala,Ernakulam Commr.,9.9312,76.2673
Kerala,Ernakulam Rural,9.9312,76.2673
Kerala,Idukki,9.85,76.97
Kerala,Kannur,11.8745,75.3704
Kerala,Kasargod,12.5,75.0
Kerala,Kollam Commr.,8.8932,76.6141
Kerala,Kollam Rural,8.8932,76.6141
Kerala,Kottayam,9.59,76.52
Kerala,Kozhikode Commr.,11.2588,75.7804
Kerala,Kozhikode Rural,11.2588,75.7804
Kerala,Malappuram,11.07,76.07
Kerala,Palakkad,10.77,76.65
Kerala,Pathanamthitta,9.27,76.78
Kerala,Railways,8.5241,76.9366
Kerala,Thrissur Commr.,10.5276,76.2144
Kerala,Thrissur Rural,10.5276,76.2144
Kerala,Trivandrum Commr.,8.5241,76.9366
Kerala,Trivandrum Rural,8.5241,76.9366
Kerala,Wayanadu,11.68,76.13
Kerala,Crime Branch,8.5241,76.9366
Madhya Pradesh,Agar,23.7,76.02
Madhya Pradesh,Alirajpur,22.3,74.35
Madhya Pradesh,Anuppur,23.1,81.68
Madhya Pradesh,Ashok Nagar,24.58,77.73
Madhya Pradesh,Balaghat,21.8,80.18
Madhya Pradesh,Barwani,22.03,74.9
Madhya Pradesh,Betul,21.9,77.9
Madhya Pradesh,Bhind,26.56,78.78
Madhya Pradesh,Bhopal,23.2599,77.4126
Madhya Pradesh,Bhopal Railway,23.2599,77.4126
Madhya Pradesh,Burhanpur,21.3,76.23
Madhya Pradesh,Chhatarpur,24.9,79.6
Madhya Pradesh,Chhindwara,22.07,78.93
Madhya Pradesh,Damoh,23.83,79.44
Madhya Pradesh,Datia,25.67,78.46
Madhya Pradesh,Dewas,22.96,76.06
Madhya Pradesh,Dhar,22.6,75.3
Madhya Pradesh,Dindori,22.95,81.07
Madhya Pradesh,Guna,24.65,77.32
Madhya Pradesh,Gwalior,26.2183,78.1828
Madhya Pradesh,Harda,22.33,77.1
Madhya Pradesh,Hoshangabad,22.75,77.72
Madhya Pradesh,Indore,22.7196,75.8577
Madhya Pradesh,Indore Railway,22.7196,75.8577
Madhya Pradesh,Jabalpur,23.1815,79.9864
Madhya Pradesh,Jabalpur Railway,23.1815,79.9864
Madhya Pradesh,Jhabua,22.77,74.6
Madhya Pradesh,Katni,23.83,80.4
Madhya Pradesh,Khandwa,21.83,76.33
Madhya Pradesh,Khargone,21.82,75.61
Madhya Pradesh,Mandla,22.6,80.38
Madhya Pradesh,Mandsaur,24.07,75.07
Madhya Pradesh,Morena,26.5,78.0
Madhya Pradesh,Narsinghpur,22.95,79.2
Madhya Pradesh,Neemuch,24.47,74.87
Madhya Pradesh,Panna,24.72,80.2
Madhya Pradesh,Raisen,23.33,77.8
Madhya Pradesh,Rajgarh,24.0,76.73
Madhya Pradesh,Ratlam,23.33,75.04
Madhya Pradesh,Rewa,24.53,81.3
Madhya Pradesh,Sagar,23.8388,78.7378
Madhya Pradesh,Satna,24.5772,80.8272
Madhya Pradesh,Seoni,22.08,79.54
Madhya Pradesh,Shahdol,23.3,81.35
Madhya Pradesh,Shajapur,23.43,76.27
Madhya Pradesh,Sheopur,25.67,76.7
Madhya Pradesh,Shivpuri,25.43,77.65
Madhya Pradesh,Sidhi,24.42,81.88
Madhya Pradesh,Sehore,23.2,77.08
Madhya Pradesh,Singrauli,24.2,82.67
Madhya Pradesh,Tikamgarh,24.75,78.83
Madhya Pradesh,Ujjain,23.1824,75.7764
Madhya Pradesh,Umaria,23.52,80.83
Madhya Pradesh,Vidisha,23.52,77.82
Madhya Pradesh,Cyber Cell,23.2599,77.4126
Maharashtra,Ahmednagar,19.08,74.73
Maharashtra,Akola,20.7,77.02
Maharashtra,Amravati Commr.,20.93,77.75
Maharashtra,Amravati Rural,20.93,77.75
Maharashtra,Aurangabad Commr.,19.8762,75.3433
Maharashtra,Aurangabad Rural,19.8762,75.3433
Maharashtra,Beed,18.99,75.76
Maharashtra,Bhandara,21.17,79.65
Maharashtra,Buldhana,20.53,76.18
Maharashtra,Chandrapur,19.95,79.3
Maharashtra,Dhule,20.9,74.77
Maharashtra,Gadchiroli,19.67,80.0
Maharashtra,Gondia,21.45,80.2
Maharashtra,Hingoli,19.72,77.15
Maharashtra,Jalgaon,21.01,75.56
Maharashtra,Jalna,19.83,75.88
Maharashtra,Kolhapur,16.69,74.23
Maharashtra,Latur,18.4,76.58
Maharashtra,Mumbai Commr.,19.076,72.8777
Maharashtra,Mumbai Railway,19.076,72.8777
Maharashtra,Nagpur Commr.,21.1458,79.0882
Maharashtra,Nagpur Railway,21.1458,79.0882
Maharashtra,Nagpur Rural,21.1458,79.0882
Maharashtra,Nanded,19.15,77.32
Maharashtra,Nandurbar,21.37,74.24
Maharashtra,Nasik Commr.,19.9975,73.7898
Maharashtra,Nasik Rural,19.9975,73.7898
Maharashtra,Navi Mumbai,19.033,73.0297
Maharashtra,Osmanabad,18.17,76.05
Maharashtra,Palghar,19.69,72.76
Maharashtra,Parbhani,19.27,76.78
Maharashtra,Pune Commr.,18.5204,73.8567
Maharashtra,Pune Railway,18.5204,73.8567
Maharashtra,Pune Rural,18.5204,73.8567
Maharashtra,Raigad,18.25,73.44
Maharashtra,Ratnagiri,16.99,73.3
Maharashtra,Sangli,16.86,74.57
Maharashtra,Satara,17.68,74.02
Maharashtra,Sindhudurg,16.12,73.68
Maharashtra,Solapur Commr.,17.6599,75.9064
Maharashtra,Solapur Rural,17.6599,75.9064
Maharashtra,Thane Commr.,19.2183,72.9781
Maharashtra,Thane Rural,19.2183,72.9781
Maharashtra,Wardha,20.74,78.6
Maharashtra,Washim,20.1,77.15
Maharashtra,Yavatmal,20.4,78.13
Manipur,Bishnupur,24.63,93.77
Manipur,Chandel,24.32,94.02
Manipur,Churachandpur,24.33,93.68
Manipur,C. I. D.,24.817,93.95
Manipur,Imphal East,24.817,93.95
Manipur,Imphal West,24.817,93.95
Manipur,Senapati,25.27,94.02
Manipur,Tamenglong,24.98,93.5
Manipur,Thoubal,24.63,94.02
Manipur,Ukhrul,25.12,94.37
Meghalaya,Garo Hills East,25.52,90.22
Meghalaya,Garo Hills North,25.88,90.73
Meghalaya,Garo Hills South,25.27,90.63
Meghalaya,Garo Hills South West,25.48,89.93
Meghalaya,Garo Hills West,25.5,89.93
Meghalaya,Jaintia Hills West,25.43,92.2
Meghalaya,Jaintia Hills East,25.37,92.33
Meghalaya,Khasi Hills East,25.57,91.88
Meghalaya,Khasi Hills South West,25.3,91.58
Meghalaya,Khasi Hills West,25.52,91.27
Meghalaya,Ri-Bhoi,25.88,91.88
Mizoram,Aizawl,23.73,92.72
Mizoram,Champhai,23.47,93.32
Mizoram,Kolasib,24.23,92.68
Mizoram,Lawngtlai,22.53,92.9
Mizoram,Lunglei,22.88,92.73
Mizoram,Mamit,23.93,92.48
Mizoram,Saiha,22.48,92.98
Mizoram,Serchhip,23.3,92.85
Mizoram,Spl Traffic,23.73,92.72
Nagaland,Dimapur,25.9,93.73
Nagaland,Kiphire,25.88,94.78
Nagaland,Kohima,25.67,94.11
Nagaland,Longleng,26.53,94.9
Nagaland,Mokokchung,26.32,94.53
Nagaland,Mon,26.75,95.1
Nagaland,Peren,25.52,93.73
Nagaland,Phek,25.67,94.47
Nagaland,Tuensang,26.28,94.83
Nagaland,Wokha,26.1,94.27
Nagaland,Zunheboto,25.97,94.52
Odisha,Angul,20.84,85.1
Odisha,Balasore,21.49,86.93
Odisha,Baragarh,21.33,83.62
Odisha,Berhampur,19.32,84.78
Odisha,Bhadrak,21.06,86.5
Odisha,Bolangir,20.72,83.48
Odisha,Boudh,20.83,84.33
Odisha,Cuttack,20.47,85.88
Odisha,DCP BBSR,20.27,85.84
Odisha,DCP CTC,20.47,85.88
Odisha,Deogarh,21.53,84.73
Odisha,Dhenkanal,20.67,85.6
Odisha,Gajapati,19.38,84.23
Odisha,Ganjam,19.39,85.05
Odisha,Jagatsinghpur,20.27,86.17
Odisha,Jajpur,20.85,86.33
Odisha,Jharsuguda,21.85,84.03
Odisha,Kalahandi,19.91,83.17
Odisha,Kandhamal,20.47,84.23
Odisha,Kendrapara,20.54,86.47
Odisha,Keonjhar,21.63,85.58
Odisha,Khurda,20.18,85.62
Odisha,Koraput,18.81,82.72
Odisha,Malkangiri,18.35,81.89
Odisha,Mayurbhanj,21.93,86.73
Odisha,Nayagarh,20.13,85.1
Odisha,Nabarangpur,19.23,82.55
Odisha,Nuapada,20.48,82.53
Odisha,Puri,19.81,85.83
Odisha,Rayagada,19.17,83.42
Odisha,Rourkela,22.26,84.85
Odisha,Sambalpur,21.47,83.97
Odisha,Sonepur,20.85,83.92
Odisha,SRP (Cuttack),20.47,85.88
Odisha,SRP (Rourkela),22.26,84.85
Odisha,Sundargarh,22.12,84.03
Punjab,Amritsar Rural,31.634,74.8723
Punjab,Barnala,30.38,75.55
Punjab,Batala,31.82,75.2
Punjab,Bathinda,30.211,74.9455
Punjab,CP Amritsar,31.634,74.8723
Punjab,CP Jalandhar,31.326,75.5762
Punjab,CP Ludhiana,30.901,75.8573
Punjab,Faridkot,30.67,74.76
Punjab,Fatehgarh Sahib,30.68,76.39
Punjab,Fazilka,30.4,74.03
Punjab,Ferozepur,30.92,74.61
Punjab,G. R. P.,30.901,75.8573
Punjab,Gurdaspur,32.04,75.41
Punjab,Hoshiarpur,31.5322,75.917
Punjab,Jalandhar Rural,31.326,75.5762
Punjab,Kapurthala,31.38,75.38
Punjab,Khanna,30.7,76.22
Punjab,Ludhiana Rural,30.901,75.8573
Punjab,Mansa,30.0,75.4
Punjab,Moga,30.82,75.17
Punjab,Muktsar,30.48,74.52
Punjab,Pathankot,32.2732,75.6522
Punjab,Patiala,30.3398,76.3869
Punjab,Ropar,30.97,76.53
Punjab,Sangrur,30.25,75.85
Punjab,SAS Nagar,30.7,76.72
Punjab,SBS Nagar,31.13,76.13
Punjab,Tarn Taran,31.45,74.93
Rajasthan,Ajmer,26.4499,74.6399
Rajasthan,Alwar,27.5535,76.6343
Rajasthan,Banswara,23.55,74.45
Rajasthan,Baran,25.1,76.52
Rajasthan,Barmer,25.75,71.39
Rajasthan,Bharatpur,27.22,77.49
Rajasthan,Bhilwara,25.3471,74.6408
Rajasthan,Bikaner,28.0229,73.3119
Rajasthan,Bundi,25.44,75.64
Rajasthan,Chittorgarh,24.88,74.63
Rajasthan,Churu,28.3,74.95
Rajasthan,Dausa,26.89,76.33
Rajasthan,Dholpur,26.7,77.9
Rajasthan,Dungarpur,23.83,73.72
Rajasthan,G.R.P.Ajmer,26.4499,74.6399
Rajasthan,G.R.P.Jodhpur,26.2389,73.0243
Rajasthan,Ganganagar,29.92,73.88
Rajasthan,Hanumangarh,29.58,74.32
Rajasthan,Jaipur East,26.9124,75.7873
Rajasthan,Jaipur North,26.9124,75.7873
Rajasthan,Jaipur Rural,26.9124,75.7873
Rajasthan,Jaipur South,26.9124,75.7873
Rajasthan,Jaipur West,26.9124,75.7873
Rajasthan,Jaisalmer,26.91,70.92
Rajasthan,Jalore,25.35,72.62
Rajasthan,Jhalawar,24.6,76.15
Rajasthan,Jhunjhunu,28.13,75.4
Rajasthan,Jodhpur East,26.2389,73.0243
Rajasthan,Jodhpur West,26.2389,73.0243
Rajasthan,Jodhpur Rural,26.2389,73.0243
Rajasthan,Karauli,26.5,77.02
Rajasthan,Kota City,25.2138,75.8648
Rajasthan,Kota Rural,25.2138,75.8648
Rajasthan,Nagaur,27.2,73.73
Rajasthan,Pali,25.77,73.32
Rajasthan,Praapgarh,25.78,76.52
Rajasthan,Rajsamand,25.07,73.88
Rajasthan,Sawai Madhopur,26.02,76.35
Rajasthan,Sikar,27.61,75.14
Rajasthan,Sirohi,24.88,72.86
Rajasthan,Tonk,26.17,75.79
Rajasthan,Udaipur,24.5854,73.7125
Sikkim,East,27.33,88.62
Sikkim,North,27.6,88.5
Sikkim,South,27.33,88.62
Sikkim,West,27.33,88.22
Sikkim,CID,27.33,88.62
Tamil Nadu,Ariyalur,11.13,79.08
Tamil Nadu,Chennai,13.0827,80.2707
Tamil Nadu,Coimbatore,11.0168,76.9558
Tamil Nadu,Coimbatore City,11.0168,76.9558
Tamil Nadu,Cuddalore,11.75,79.75
Tamil Nadu,Dharmapuri,12.12,78.16
Tamil Nadu,Dindigul,10.35,77.95
Tamil Nadu,Erode,11.34,77.73
Tamil Nadu,Kanchipuram,12.83,79.7
Tamil Nadu,Kanyakumari,8.09,77.54
Tamil Nadu,Karur,10.96,78.08
Tamil Nadu,Krishnagiri,12.52,78.21
Tamil Nadu,Madurai,9.9252,78.1198
Tamil Nadu,Madurai City,9.9252,78.1198
Tamil Nadu,Nagapattinam,10.77,79.84
Tamil Nadu,Namakkal,11.22,78.17
Tamil Nadu,Nilgiris,11.4,76.7
Tamil Nadu,Perambalur,11.23,78.88
Tamil Nadu,Pudukottai,10.38,78.82
Tamil Nadu,Ramnathapuram,9.38,78.83
Tamil Nadu,Railway Chennai,13.0827,80.2707
Tamil Nadu,Railway Trichy,10.7905,78.7047
Tamil Nadu,Salem,11.6643,78.146
Tamil Nadu,Salem City,11.6643,78.146
Tamil Nadu,Sivagangai,9.85,78.48
Tamil Nadu,Thanjavur,10.7905,79.1378
Tamil Nadu,Theni,10.01,77.48
Tamil Nadu,Thirunelveli,8.7139,77.7567
Tamil Nadu,Thirunelveli City,8.7139,77.7567
Tamil Nadu,Thiruvallur,13.13,79.91
Tamil Nadu,Thiruvannamalai,12.23,79.07
Tamil Nadu,Thiruvarur,10.77,79.63
Tamil Nadu,Thoothugudi,8.8,78.14
Tamil Nadu,Tiruppur,11.1,77.35
Tamil Nadu,Tiruppur City,11.1,77.35
Tamil Nadu,Trichy,10.7905,78.7047
Tamil Nadu,Trichy City,10.7905,78.7047
Tamil Nadu,Vellore,12.9165,79.1325
Tamil Nadu,Villupuram,11.94,79.49
Tamil Nadu,Virudhunagar,9.58,77.96
Tamil Nadu,Cyber Cell,13.0827,80.2707
Tamil Nadu,Other Units,13.0827,80.2707
Telangana,Adilabad,19.67,78.53
Telangana,Cyberabad,17.385,78.4867
Telangana,Hyderabad City,17.385,78.4867
Telangana,Karimnagar,18.4386,79.1288
Telangana,Khammam,17.2473,80.1514
Telangana,Mahaboob Nagar,16.74,78.0
Telangana,Medak,18.03,78.27
Telangana,Nalgonda,17.05,79.27
Telangana,Nizamabad,18.6735,78.0941
Telangana,Ranga Reddy,17.45,78.55
Telangana,Secunderabad Railway,17.4399,78.4983
Telangana,Warangal,17.9689,79.5941
Telangana,Warangal Urban,17.9689,79.5941
Tripura,Dhalai,23.84,91.99
Tripura,Gomati,23.53,91.5
Tripura,G. R. P.,23.84,91.28
Tripura,Kowai,24.22,92.03
Tripura,North,24.33,92.01
Tripura,Sipahijala,23.53,91.29
Tripura,South,23.16,91.54
Tripura,Unakoti,24.33,92.0
Tripura,West,23.84,91.28
Uttar Pradesh,Agra,27.1767,78.0081
Uttar Pradesh,Aligarh,27.8974,78.088
Uttar Pradesh,Allahabad,25.4358,81.8463
Uttar Pradesh,Ambedkar Nagar,26.45,82.65
Uttar Pradesh,Amethi,26.16,81.82
Uttar Pradesh,Amroha,28.9,78.47
Uttar Pradesh,Auraiya,26.47,79.52
Uttar Pradesh,Azamgarh,26.06,83.19
Uttar Pradesh,Badaun,28.03,79.12
Uttar Pradesh,Baghpat,28.95,77.22
Uttar Pradesh,Bahraich,27.57,81.59
Uttar Pradesh,Ballia,25.76,84.15
Uttar Pradesh,Balrampur,27.43,82.18
Uttar Pradesh,Banda,25.48,80.33
Uttar Pradesh,Barabanki,26.93,81.2
Uttar Pradesh,Bareilly,28.367,79.4304
Uttar Pradesh,Basti,26.8,82.74
Uttar Pradesh,Bijnor,29.37,78.13
Uttar Pradesh,Bulandshahar,28.4,77.85
Uttar Pradesh,Chandoli,24.53,83.22
Uttar Pradesh,Chitrakoot,25.2,80.9
Uttar Pradesh,Deoria,26.5,83.79
Uttar Pradesh,Etah,27.63,78.67
Uttar Pradesh,Etawah,26.77,79.03
Uttar Pradesh,Faizabad,26.7733,82.143
Uttar Pradesh,Fatehgarh,27.37,79.63
Uttar Pradesh,Fatehpur,25.93,80.8
Uttar Pradesh,Firozabad,27.15,78.4
Uttar Pradesh,G. R. P.,26.8467,80.9462
Uttar Pradesh,Gautambudh Nagar,28.35,77.55
Uttar Pradesh,Ghaziabad,28.6692,77.4538
Uttar Pradesh,Ghazipur,25.58,83.57
Uttar Pradesh,Gonda,27.13,81.93
Uttar Pradesh,Gorakhpur,26.7606,83.3732
Uttar Pradesh,Hamirpur,25.95,80.15
Uttar Pradesh,Hapur,28.73,77.78
Uttar Pradesh,Hardoi,27.4,80.15
Uttar Pradesh,Hathras,27.6,78.05
Uttar Pradesh,Jalaun,26.15,79.35
Uttar Pradesh,Jaunpur,25.73,82.68
Uttar Pradesh,Jhansi,25.4484,78.5685
Uttar Pradesh,Kannauj,27.07,79.92
Uttar Pradesh,Kanpur Dehat,26.4499,80.3319
Uttar Pradesh,Kanpur Nagar,26.4499,80.3319
Uttar Pradesh,Kasganj,27.82,78.65
Uttar Pradesh,Kaushambi,25.53,81.4
Uttar Pradesh,Khiri,28.1,80.47
Uttar Pradesh,Kushi Nagar,26.95,83.98
Uttar Pradesh,Lalitpur,24.69,78.41
Uttar Pradesh,Lucknow,26.8467,80.9462
Uttar Pradesh,Maharajganj,27.13,83.56
Uttar Pradesh,Mahoba,25.29,79.87
Uttar Pradesh,Mainpuri,27.23,79.02
Uttar Pradesh,Mathura,27.5,77.67
Uttar Pradesh,Mau,25.95,83.56
Uttar Pradesh,Meerut,28.9845,77.7064
Uttar Pradesh,Mirzapur,25.15,82.58
Uttar Pradesh,Moradabad,28.8389,78.7768
Uttar Pradesh,Muzaffarnagar,29.4709,77.7033
Uttar Pradesh,Pilibhit,28.63,79.8
Uttar Pradesh,Pratapgarh,25.9,81.94
Uttar Pradesh,Raibareilly,26.23,81.24
Uttar Pradesh,Rampur,28.8,79.03
Uttar Pradesh,Saharanpur,29.9675,77.5461
Uttar Pradesh,Sambhal,28.58,78.55
Uttar Pradesh,Sant Kabirnagar,26.77,83.03
Uttar Pradesh,Shahjahanpur,27.88,79.91
Uttar Pradesh,Shamli,29.45,77.32
Uttar Pradesh,Shrawasti,27.52,81.85
Uttar Pradesh,Sidharthnagar,27.28,83.1
Uttar Pradesh,Sitapur,27.57,80.68
Uttar Pradesh,Sonbhadra,24.48,83.06
Uttar Pradesh,St.Ravidasnagar,25.37,82.57
Uttar Pradesh,Sultanpur,26.26,82.07
Uttar Pradesh,Unnao,26.55,80.49
Uttar Pradesh,Varanasi,25.3176,82.9739
Uttarakhand,Almora,29.5973,79.657
Uttarakhand,Bageshwar,29.84,79.77
Uttarakhand,Chamoli,30.42,79.33
Uttarakhand,Champawat,29.33,80.1
Uttarakhand,Dehradun,30.3165,78.0322
Uttarakhand,Haridwar,29.9457,78.1642
Uttarakhand,Nainital,29.38,79.45
Uttarakhand,Pauri Garhwal,30.15,78.78
Uttarakhand,Pithoragarh,29.58,80.22
Uttarakhand,Rudra Prayag,30.28,79.0
Uttarakhand,Tehri Garhwal,30.38,78.48
Uttarakhand,Udhamsingh Nagar,28.98,79.4
Uttarakhand,Uttarkashi,30.73,78.45
West Bengal,North 24 Parganas,22.6959,88.4513
West Bengal,South 24 Parganas,22.161,88.6778
West Bengal,Alipurduar,26.4833,89.5667
West Bengal,Asansol-Durgapur PC,23.6739,86.9524
West Bengal,Bankura,23.2324,87.0716
West Bengal,Barrackpur PC,22.76,88.37
West Bengal,Bidhannagar PC,22.59,88.42
West Bengal,Birbhum,23.9028,87.5333
West Bengal,Burdwan,23.2326,87.8556
West Bengal,Coochbehar,26.3167,89.4333
West Bengal,Dakshin Dinajpur,25.22,88.76
West Bengal,Darjeeling,27.0417,88.2631
West Bengal,Hooghly,22.8958,88.2461
West Bengal,Howrah G. R. P.,22.5958,88.2636
West Bengal,Howrah PC,22.5958,88.2636
West Bengal,Howrah Rural,22.5958,88.2636
West Bengal,Jalpaiguri,26.5167,88.7333
West Bengal,Jhargram Police District,22.45,87.0
West Bengal,Kharagpur G. R. P.,22.33,87.33
West Bengal,Kolkata,22.5726,88.3639
West Bengal,Malda,25.0167,88.1333
West Bengal,Murshidabad,24.1759,88.2802
West Bengal,Nadia,23.4,88.5
West Bengal,Paschim Medinipur,22.4333,87.3333
West Bengal,Purab Medinipur,21.9333,87.7333
West Bengal,Purulia,23.3328,86.3617
West Bengal,Sealdah G. R. P.,22.5726,88.3639
West Bengal,Siliguri G. R. P.,26.7271,88.3953
West Bengal,Siliguri PC,26.7271,88.3953
West Bengal,Uttar Dinajpur,25.62,88.12
A&N Islands,South Andaman,11.667,92.736
A&N Islands,North & Middle Andaman,13.25,92.95
A&N Islands,Nicobar,7.03,93.79
Chandigarh,Chandigarh,30.7333,76.7794
D&N Haveli,D&N Haveli,20.2667,73.0167
Daman & Diu,Daman,20.3974,72.8328
Daman & Diu,Diu,20.7143,70.9824
Delhi UT,Central,28.6353,77.225
Delhi UT,Crime Branch,28.6139,77.209
Delhi UT,East,28.628,77.2885
Delhi UT,EOW,28.6139,77.209
Delhi UT,IGI Airport,28.5562,77.1
Delhi UT,Metro,28.6139,77.209
Delhi UT,New Delhi,28.6139,77.209
Delhi UT,North,28.7041,77.1025
Delhi UT,North-East,28.6932,77.271
Delhi UT,North-West,28.7014,77.1407
Delhi UT,Outer,28.74,77.06
Delhi UT,RAILWAY,28.6139,77.209
Delhi UT,South,28.5245,77.2157
Delhi UT,South-East,28.551,77.2572
Delhi UT,South-West,28.58,77.12
Delhi UT,Spl Cell,28.6139,77.209
Delhi UT,SPUWAC,28.6139,77.209
Delhi UT,Vigilance,28.6139,77.209
Delhi UT,West,28.6562,77.141
Lakshadweep,Lakshadweep,10.5667,72.6417
Puducherry,Karaikal,10.92,79.83
Puducherry,Puducherry,11.93,79.83
